{"cameraMode":{"drawMode":0,"name":"Shaded","section":"Shading Mode"},"sceneLighting":true,"audioPlay":false,"sceneViewState":{"showFog":true,"showMaterialUpdate":false,"showSkybox":true,"showFlares":true,"showImageEffects":true,"showParticleSystems":true},"in2DMode":false,"pivot":{"x":4.318605422973633,"y":1.6634782552719117,"z":-2.66660737991333},"rotation":{"x":-0.11360889673233032,"y":-0.052137263119220737,"z":0.005988125689327717,"w":-0.9921655058860779},"size":21.816625595092775,"orthographic":false}